Nombre,Precio,Precio antes,Categoría,Características,Fotos,Video,Peso kg,Destacado,Ocultar
Audífonos inalámbricos con cancelación de ruido,139000,189000,Tecnología,"Bluetooth 5.3
30 horas de batería
Estuche de carga",,,0.5,Sí,
Taladro percutor inalámbrico 20V,245000,,Herramientas,"2 baterías de litio
Maletín incluido",,,3,,
Linterna frontal LED recargable,59000,75000,Herramientas,"1200 lúmenes
Resistente al agua IPX6",,,0.3,Sí,
Smartwatch deportivo,119000,,Tecnología,"Mide pulso y oxígeno
Pantalla AMOLED",,,0.3,,
Chaqueta impermeable liviana,98000,,Moda,"Tallas S a XL
Capota plegable",,,0.6,,
Freidora de aire 5 L,229000,279000,Hogar,"1500 W
Canasta antiadherente",,,5,Sí,
Power bank solar 20.000 mAh,85000,,Tecnología,"Carga rápida 22.5 W
Panel solar de respaldo",,,0.5,,
Perfume 100 ml,149000,,Perfumería,"Eau de parfum
Notas amaderadas",,,0.4,,
